task,origin,model,segment,metric,value,n
A availability,O1 valid=2024-12,baseline: global rate,ALL,Brier,0.21952282275510185,6009
A availability,O1 valid=2024-12,baseline: global rate,ALL,LogLoss,0.6308944991357732,6009
A availability,O1 valid=2024-12,baseline: shifted appearance rate(10),ALL,Brier,0.17686972345423607,6009
A availability,O1 valid=2024-12,baseline: shifted appearance rate(10),ALL,LogLoss,0.633627267292071,6009
A availability,O1 valid=2024-12,logistic regression,ALL,Brier,0.1531438566905145,6009
A availability,O1 valid=2024-12,logistic regression,ALL,LogLoss,0.47784868739577685,6009
A availability,O1 valid=2024-12,LightGBM classifier,ALL,Brier,0.1331721646873923,6009
A availability,O1 valid=2024-12,LightGBM classifier,ALL,LogLoss,0.4226538707621161,6009
B minutes|played,O1 valid=2024-12,baseline: expanding season mean,ALL,MAE,4.92417922990111,4054
B minutes|played,O1 valid=2024-12,baseline: expanding season mean,star (>=30),MAE,3.8963827937117728,1122
B minutes|played,O1 valid=2024-12,baseline: expanding season mean,starter (20-30),MAE,5.134964823169074,1437
B minutes|played,O1 valid=2024-12,baseline: expanding season mean,bench (10-20),MAE,5.635092198971784,1014
B minutes|played,O1 valid=2024-12,baseline: expanding season mean,fringe (<10),MAE,5.054532650419035,474
B minutes|played,O1 valid=2024-12,baseline: expanding season mean,unknown (no history),MAE,14.586383789217118,7
B minutes|played,O1 valid=2024-12,baseline: EWMA (halflife 5),ALL,MAE,4.799385234859109,4054
B minutes|played,O1 valid=2024-12,baseline: EWMA (halflife 5),star (>=30),MAE,3.791262108333413,1122
B minutes|played,O1 valid=2024-12,baseline: EWMA (halflife 5),starter (20-30),MAE,4.97672633694126,1437
B minutes|played,O1 valid=2024-12,baseline: EWMA (halflife 5),bench (10-20),MAE,5.543418558257497,1014
B minutes|played,O1 valid=2024-12,baseline: EWMA (halflife 5),fringe (<10),MAE,4.911866678874536,474
B minutes|played,O1 valid=2024-12,baseline: EWMA (halflife 5),unknown (no history),MAE,14.586383789217118,7
B minutes|played,O1 valid=2024-12,ridge,ALL,MAE,4.79005971555758,4054
B minutes|played,O1 valid=2024-12,ridge,star (>=30),MAE,3.928180287394695,1122
B minutes|played,O1 valid=2024-12,ridge,starter (20-30),MAE,4.865107821851779,1437
B minutes|played,O1 valid=2024-12,ridge,bench (10-20),MAE,5.512230960512402,1014
B minutes|played,O1 valid=2024-12,ridge,fringe (<10),MAE,5.027674395325121,474
B minutes|played,O1 valid=2024-12,ridge,unknown (no history),MAE,6.829143866984693,7
B minutes|played,O1 valid=2024-12,LightGBM,ALL,MAE,4.74927126784288,4054
B minutes|played,O1 valid=2024-12,LightGBM,star (>=30),MAE,3.8334681476300956,1122
B minutes|played,O1 valid=2024-12,LightGBM,starter (20-30),MAE,4.806717590537584,1437
B minutes|played,O1 valid=2024-12,LightGBM,bench (10-20),MAE,5.5126451883508,1014
B minutes|played,O1 valid=2024-12,LightGBM,fringe (<10),MAE,5.108387856219504,474
B minutes|played,O1 valid=2024-12,LightGBM,unknown (no history),MAE,4.849030822257482,7
C1 pts|played,O1 valid=2024-12,baseline: expanding season mean,ALL,MAE,4.555290879710372,4054
C1 pts|played,O1 valid=2024-12,baseline: expanding season mean,star (>=30),MAE,5.831139785102456,1122
C1 pts|played,O1 valid=2024-12,baseline: expanding season mean,starter (20-30),MAE,4.768471332818914,1437
C1 pts|played,O1 valid=2024-12,baseline: expanding season mean,bench (10-20),MAE,3.7220995071123095,1014
C1 pts|played,O1 valid=2024-12,baseline: expanding season mean,fringe (<10),MAE,2.6223366470375358,474
C1 pts|played,O1 valid=2024-12,baseline: expanding season mean,unknown (no history),MAE,7.874373041776878,7
C1 pts|played,O1 valid=2024-12,baseline: EWMA (halflife 5),ALL,MAE,4.571266716109381,4054
C1 pts|played,O1 valid=2024-12,baseline: EWMA (halflife 5),star (>=30),MAE,5.928104045436059,1122
C1 pts|played,O1 valid=2024-12,baseline: EWMA (halflife 5),starter (20-30),MAE,4.75565215253477,1437
C1 pts|played,O1 valid=2024-12,baseline: EWMA (halflife 5),bench (10-20),MAE,3.6987610050476656,1014
C1 pts|played,O1 valid=2024-12,baseline: EWMA (halflife 5),fringe (<10),MAE,2.618240747942905,474
C1 pts|played,O1 valid=2024-12,baseline: EWMA (halflife 5),unknown (no history),MAE,7.874373041776878,7
C1 pts|played,O1 valid=2024-12,ridge,ALL,MAE,4.54129185878777,4054
C1 pts|played,O1 valid=2024-12,ridge,star (>=30),MAE,5.843823015733468,1122
C1 pts|played,O1 valid=2024-12,ridge,starter (20-30),MAE,4.721653203832322,1437
C1 pts|played,O1 valid=2024-12,ridge,bench (10-20),MAE,3.7186335309183343,1014
C1 pts|played,O1 valid=2024-12,ridge,fringe (<10),MAE,2.67965326592737,474
C1 pts|played,O1 valid=2024-12,ridge,unknown (no history),MAE,3.9660099378364535,7
C1 pts|played,O1 valid=2024-12,LightGBM,ALL,MAE,4.558369883848216,4054
C1 pts|played,O1 valid=2024-12,LightGBM,star (>=30),MAE,5.887983796438459,1122
C1 pts|played,O1 valid=2024-12,LightGBM,starter (20-30),MAE,4.731033751436894,1437
C1 pts|played,O1 valid=2024-12,LightGBM,bench (10-20),MAE,3.7002304199282805,1014
C1 pts|played,O1 valid=2024-12,LightGBM,fringe (<10),MAE,2.751587446646257,474
C1 pts|played,O1 valid=2024-12,LightGBM,unknown (no history),MAE,2.6474418834708073,7
C2 ast|played,O1 valid=2024-12,baseline: expanding season mean,ALL,MAE,1.3326170598311629,4054
C2 ast|played,O1 valid=2024-12,baseline: expanding season mean,star (>=30),MAE,1.7392028056230775,1122
C2 ast|played,O1 valid=2024-12,baseline: expanding season mean,starter (20-30),MAE,1.3846207477951005,1437
C2 ast|played,O1 valid=2024-12,baseline: expanding season mean,bench (10-20),MAE,1.0968290142552672,1014
C2 ast|played,O1 valid=2024-12,baseline: expanding season mean,fringe (<10),MAE,0.702308330549394,474
C2 ast|played,O1 valid=2024-12,baseline: expanding season mean,unknown (no history),MAE,2.3236041328040224,7
C2 ast|played,O1 valid=2024-12,baseline: EWMA (halflife 5),ALL,MAE,1.3275164312831562,4054
C2 ast|played,O1 valid=2024-12,baseline: EWMA (halflife 5),star (>=30),MAE,1.757094259456289,1122
C2 ast|played,O1 valid=2024-12,baseline: EWMA (halflife 5),starter (20-30),MAE,1.3663123723826784,1437
C2 ast|played,O1 valid=2024-12,baseline: EWMA (halflife 5),bench (10-20),MAE,1.0840578473694928,1014
C2 ast|played,O1 valid=2024-12,baseline: EWMA (halflife 5),fringe (<10),MAE,0.6991584135775462,474
C2 ast|played,O1 valid=2024-12,baseline: EWMA (halflife 5),unknown (no history),MAE,2.3236041328040224,7
C2 ast|played,O1 valid=2024-12,ridge,ALL,MAE,1.3169304300386697,4054
C2 ast|played,O1 valid=2024-12,ridge,star (>=30),MAE,1.7426004124921546,1122
C2 ast|played,O1 valid=2024-12,ridge,starter (20-30),MAE,1.3479560160213102,1437
C2 ast|played,O1 valid=2024-12,ridge,bench (10-20),MAE,1.0878430277031346,1014
C2 ast|played,O1 valid=2024-12,ridge,fringe (<10),MAE,0.7061255863133333,474
C2 ast|played,O1 valid=2024-12,ridge,unknown (no history),MAE,1.2641639334926225,7
C2 ast|played,O1 valid=2024-12,LightGBM,ALL,MAE,1.3348799833843508,4054
C2 ast|played,O1 valid=2024-12,LightGBM,star (>=30),MAE,1.7943325115888173,1122
C2 ast|played,O1 valid=2024-12,LightGBM,starter (20-30),MAE,1.3577262894150874,1437
C2 ast|played,O1 valid=2024-12,LightGBM,bench (10-20),MAE,1.0827496201898918,1014
C2 ast|played,O1 valid=2024-12,LightGBM,fringe (<10),MAE,0.7269447520019694,474
C2 ast|played,O1 valid=2024-12,LightGBM,unknown (no history),MAE,0.6899670609344019,7
D pts UNCONDITIONAL,O1 valid=2024-12,naive: conditional season mean (selection-biased),ALL,MAE,5.115996933351373,6009
D pts UNCONDITIONAL,O1 valid=2024-12,naive: conditional season mean (selection-biased),star (>=30),MAE,7.904674894400621,1319
D pts UNCONDITIONAL,O1 valid=2024-12,naive: conditional season mean (selection-biased),starter (20-30),MAE,5.77820882875391,1759
D pts UNCONDITIONAL,O1 valid=2024-12,naive: conditional season mean (selection-biased),bench (10-20),MAE,4.24671636460456,1625
D pts UNCONDITIONAL,O1 valid=2024-12,naive: conditional season mean (selection-biased),fringe (<10),MAE,2.1953261877920776,1258
D pts UNCONDITIONAL,O1 valid=2024-12,naive: conditional season mean (selection-biased),unknown (no history),MAE,10.192825422729259,48
D pts UNCONDITIONAL,O1 valid=2024-12,naive: unconditional season mean (0 for misses),ALL,MAE,4.568580100795307,6009
D pts UNCONDITIONAL,O1 valid=2024-12,naive: unconditional season mean (0 for misses),star (>=30),MAE,7.715759354744289,1319
D pts UNCONDITIONAL,O1 valid=2024-12,naive: unconditional season mean (0 for misses),starter (20-30),MAE,5.567329109499382,1759
D pts UNCONDITIONAL,O1 valid=2024-12,naive: unconditional season mean (0 for misses),bench (10-20),MAE,3.4752785454109247,1625
D pts UNCONDITIONAL,O1 valid=2024-12,naive: unconditional season mean (0 for misses),fringe (<10),MAE,1.4043176493911385,1258
D pts UNCONDITIONAL,O1 valid=2024-12,naive: unconditional season mean (0 for misses),unknown (no history),MAE,1.4295852903137976,48
D pts UNCONDITIONAL,O1 valid=2024-12,direct LightGBM on all scheduled rows,ALL,MAE,4.189095961969535,6009
D pts UNCONDITIONAL,O1 valid=2024-12,direct LightGBM on all scheduled rows,star (>=30),MAE,7.154261207957918,1319
D pts UNCONDITIONAL,O1 valid=2024-12,direct LightGBM on all scheduled rows,starter (20-30),MAE,4.930567418117048,1759
D pts UNCONDITIONAL,O1 valid=2024-12,direct LightGBM on all scheduled rows,bench (10-20),MAE,3.1723228154492524,1625
D pts UNCONDITIONAL,O1 valid=2024-12,direct LightGBM on all scheduled rows,fringe (<10),MAE,1.4844869478178742,1258
D pts UNCONDITIONAL,O1 valid=2024-12,direct LightGBM on all scheduled rows,unknown (no history),MAE,0.8422887135548262,48
D pts UNCONDITIONAL,O1 valid=2024-12,decomposed: P(play) x E[PTS|played],ALL,MAE,4.191283143669704,6009
D pts UNCONDITIONAL,O1 valid=2024-12,decomposed: P(play) x E[PTS|played],star (>=30),MAE,7.0635460625849795,1319
D pts UNCONDITIONAL,O1 valid=2024-12,decomposed: P(play) x E[PTS|played],starter (20-30),MAE,4.941742450657152,1759
D pts UNCONDITIONAL,O1 valid=2024-12,decomposed: P(play) x E[PTS|played],bench (10-20),MAE,3.238564559896193,1625
D pts UNCONDITIONAL,O1 valid=2024-12,decomposed: P(play) x E[PTS|played],fringe (<10),MAE,1.4922593736589567,1258
D pts UNCONDITIONAL,O1 valid=2024-12,decomposed: P(play) x E[PTS|played],unknown (no history),MAE,0.7530933575301434,48
D pts UNCONDITIONAL,O1 valid=2024-12,decomposed: P(play) x E[MIN|played] x prior PTS/min,ALL,MAE,4.2217967362031015,6009
D pts UNCONDITIONAL,O1 valid=2024-12,decomposed: P(play) x E[MIN|played] x prior PTS/min,star (>=30),MAE,7.206804977231855,1319
D pts UNCONDITIONAL,O1 valid=2024-12,decomposed: P(play) x E[MIN|played] x prior PTS/min,starter (20-30),MAE,5.003029274944011,1759
D pts UNCONDITIONAL,O1 valid=2024-12,decomposed: P(play) x E[MIN|played] x prior PTS/min,bench (10-20),MAE,3.221660116423531,1625
D pts UNCONDITIONAL,O1 valid=2024-12,decomposed: P(play) x E[MIN|played] x prior PTS/min,fringe (<10),MAE,1.4198471623745388,1258
D pts UNCONDITIONAL,O1 valid=2024-12,decomposed: P(play) x E[MIN|played] x prior PTS/min,unknown (no history),MAE,0.8605605998686799,48
A availability,O2 valid=2025-01,baseline: global rate,ALL,Brier,0.22387394160744326,7393
A availability,O2 valid=2025-01,baseline: global rate,ALL,LogLoss,0.6399565277651587,7393
A availability,O2 valid=2025-01,baseline: shifted appearance rate(10),ALL,Brier,0.1710349833918374,7393
A availability,O2 valid=2025-01,baseline: shifted appearance rate(10),ALL,LogLoss,0.6138732545972371,7393
A availability,O2 valid=2025-01,logistic regression,ALL,Brier,0.1539946013513736,7393
A availability,O2 valid=2025-01,logistic regression,ALL,LogLoss,0.48068326909369913,7393
A availability,O2 valid=2025-01,LightGBM classifier,ALL,Brier,0.1355656235882181,7393
A availability,O2 valid=2025-01,LightGBM classifier,ALL,LogLoss,0.42656921211433535,7393
B minutes|played,O2 valid=2025-01,baseline: expanding season mean,ALL,MAE,4.982327590875959,4893
B minutes|played,O2 valid=2025-01,baseline: expanding season mean,star (>=30),MAE,4.015458338959434,1322
B minutes|played,O2 valid=2025-01,baseline: expanding season mean,starter (20-30),MAE,5.197869564923541,1548
B minutes|played,O2 valid=2025-01,baseline: expanding season mean,bench (10-20),MAE,5.848741364404464,1424
B minutes|played,O2 valid=2025-01,baseline: expanding season mean,fringe (<10),MAE,4.382925571393293,592
B minutes|played,O2 valid=2025-01,baseline: expanding season mean,unknown (no history),MAE,14.355892910466576,7
B minutes|played,O2 valid=2025-01,baseline: EWMA (halflife 5),ALL,MAE,4.703741594362244,4893
B minutes|played,O2 valid=2025-01,baseline: EWMA (halflife 5),star (>=30),MAE,3.887139609782142,1322
B minutes|played,O2 valid=2025-01,baseline: EWMA (halflife 5),starter (20-30),MAE,4.718559305030524,1548
B minutes|played,O2 valid=2025-01,baseline: EWMA (halflife 5),bench (10-20),MAE,5.58679457456271,1424
B minutes|played,O2 valid=2025-01,baseline: EWMA (halflife 5),fringe (<10),MAE,4.250325216798402,592
B minutes|played,O2 valid=2025-01,baseline: EWMA (halflife 5),unknown (no history),MAE,14.355892910466576,7
B minutes|played,O2 valid=2025-01,ridge,ALL,MAE,4.638988719224415,4893
B minutes|played,O2 valid=2025-01,ridge,star (>=30),MAE,3.877378223702222,1322
B minutes|played,O2 valid=2025-01,ridge,starter (20-30),MAE,4.564877899959004,1548
B minutes|played,O2 valid=2025-01,ridge,bench (10-20),MAE,5.451621649025846,1424
B minutes|played,O2 valid=2025-01,ridge,fringe (<10),MAE,4.5426371667515655,592
B minutes|played,O2 valid=2025-01,ridge,unknown (no history),MAE,7.699481623493098,7
B minutes|played,O2 valid=2025-01,LightGBM,ALL,MAE,4.640934379175235,4893
B minutes|played,O2 valid=2025-01,LightGBM,star (>=30),MAE,3.879851405011108,1322
B minutes|played,O2 valid=2025-01,LightGBM,starter (20-30),MAE,4.608493567441745,1548
B minutes|played,O2 valid=2025-01,LightGBM,bench (10-20),MAE,5.401004682939635,1424
B minutes|played,O2 valid=2025-01,LightGBM,fringe (<10),MAE,4.589686958699888,592
B minutes|played,O2 valid=2025-01,LightGBM,unknown (no history),MAE,5.2649956319347435,7
C1 pts|played,O2 valid=2025-01,baseline: expanding season mean,ALL,MAE,4.487185961562662,4893
C1 pts|played,O2 valid=2025-01,baseline: expanding season mean,star (>=30),MAE,5.6010740620294275,1322
C1 pts|played,O2 valid=2025-01,baseline: expanding season mean,starter (20-30),MAE,4.891245542706692,1548
C1 pts|played,O2 valid=2025-01,baseline: expanding season mean,bench (10-20),MAE,3.8965161523469085,1424
C1 pts|played,O2 valid=2025-01,baseline: expanding season mean,fringe (<10),MAE,2.2971561785667927,592
C1 pts|played,O2 valid=2025-01,baseline: expanding season mean,unknown (no history),MAE,10.139634451386224,7
C1 pts|played,O2 valid=2025-01,baseline: EWMA (halflife 5),ALL,MAE,4.4405194886672374,4893
C1 pts|played,O2 valid=2025-01,baseline: EWMA (halflife 5),star (>=30),MAE,5.629131031614797,1322
C1 pts|played,O2 valid=2025-01,baseline: EWMA (halflife 5),starter (20-30),MAE,4.803287721748312,1548
C1 pts|played,O2 valid=2025-01,baseline: EWMA (halflife 5),bench (10-20),MAE,3.817561313435249,1424
C1 pts|played,O2 valid=2025-01,baseline: EWMA (halflife 5),fringe (<10),MAE,2.2687102863110553,592
C1 pts|played,O2 valid=2025-01,baseline: EWMA (halflife 5),unknown (no history),MAE,10.139634451386224,7
C1 pts|played,O2 valid=2025-01,ridge,ALL,MAE,4.406395827341848,4893
C1 pts|played,O2 valid=2025-01,ridge,star (>=30),MAE,5.559413679162596,1322
C1 pts|played,O2 valid=2025-01,ridge,starter (20-30),MAE,4.7527823824971085,1548
C1 pts|played,O2 valid=2025-01,ridge,bench (10-20),MAE,3.795619714765668,1424
C1 pts|played,O2 valid=2025-01,ridge,fringe (<10),MAE,2.3689773763508692,592
C1 pts|played,O2 valid=2025-01,ridge,unknown (no history),MAE,6.6065272284514736,7
C1 pts|played,O2 valid=2025-01,LightGBM,ALL,MAE,4.463786821646072,4893
C1 pts|played,O2 valid=2025-01,LightGBM,star (>=30),MAE,5.739142426156548,1322
C1 pts|played,O2 valid=2025-01,LightGBM,starter (20-30),MAE,4.775069136485145,1548
C1 pts|played,O2 valid=2025-01,LightGBM,bench (10-20),MAE,3.7860255321656293,1424
C1 pts|played,O2 valid=2025-01,LightGBM,fringe (<10),MAE,2.4305420847665844,592
C1 pts|played,O2 valid=2025-01,LightGBM,unknown (no history),MAE,4.596333667227995,7
C2 ast|played,O2 valid=2025-01,baseline: expanding season mean,ALL,MAE,1.3213633030127068,4893
C2 ast|played,O2 valid=2025-01,baseline: expanding season mean,star (>=30),MAE,1.7512643925283462,1322
C2 ast|played,O2 valid=2025-01,baseline: expanding season mean,starter (20-30),MAE,1.4349995172281322,1548
C2 ast|played,O2 valid=2025-01,baseline: expanding season mean,bench (10-20),MAE,1.0673730831845016,1424
C2 ast|played,O2 valid=2025-01,baseline: expanding season mean,fringe (<10),MAE,0.6649523747687244,592
C2 ast|played,O2 valid=2025-01,baseline: expanding season mean,unknown (no history),MAE,2.184112247391016,7
C2 ast|played,O2 valid=2025-01,baseline: EWMA (halflife 5),ALL,MAE,1.3216034580914333,4893
C2 ast|played,O2 valid=2025-01,baseline: EWMA (halflife 5),star (>=30),MAE,1.76230609955402,1322
C2 ast|played,O2 valid=2025-01,baseline: EWMA (halflife 5),starter (20-30),MAE,1.42310112826105,1548
C2 ast|played,O2 valid=2025-01,baseline: EWMA (halflife 5),bench (10-20),MAE,1.0677591110307647,1424
C2 ast|played,O2 valid=2025-01,baseline: EWMA (halflife 5),fringe (<10),MAE,0.6724641054785783,592
C2 ast|played,O2 valid=2025-01,baseline: EWMA (halflife 5),unknown (no history),MAE,2.184112247391016,7
C2 ast|played,O2 valid=2025-01,ridge,ALL,MAE,1.304949065782858,4893
C2 ast|played,O2 valid=2025-01,ridge,star (>=30),MAE,1.7403989495120042,1322
C2 ast|played,O2 valid=2025-01,ridge,starter (20-30),MAE,1.4059349872457998,1548
C2 ast|played,O2 valid=2025-01,ridge,bench (10-20),MAE,1.0466020845881354,1424
C2 ast|played,O2 valid=2025-01,ridge,fringe (<10),MAE,0.6903615497756892,592
C2 ast|played,O2 valid=2025-01,ridge,unknown (no history),MAE,1.2665144919205338,7
C2 ast|played,O2 valid=2025-01,LightGBM,ALL,MAE,1.3341494019174056,4893
C2 ast|played,O2 valid=2025-01,LightGBM,star (>=30),MAE,1.8051723942374474,1322
C2 ast|played,O2 valid=2025-01,LightGBM,starter (20-30),MAE,1.428934475386108,1548
C2 ast|played,O2 valid=2025-01,LightGBM,bench (10-20),MAE,1.0554643254816785,1424
C2 ast|played,O2 valid=2025-01,LightGBM,fringe (<10),MAE,0.711032122393067,592
C2 ast|played,O2 valid=2025-01,LightGBM,unknown (no history),MAE,0.8074763656656231,7
D pts UNCONDITIONAL,O2 valid=2025-01,naive: conditional season mean (selection-biased),ALL,MAE,5.234752868900177,7393
D pts UNCONDITIONAL,O2 valid=2025-01,naive: conditional season mean (selection-biased),star (>=30),MAE,7.853135866105654,1603
D pts UNCONDITIONAL,O2 valid=2025-01,naive: conditional season mean (selection-biased),starter (20-30),MAE,6.440495989245863,2022
D pts UNCONDITIONAL,O2 valid=2025-01,naive: conditional season mean (selection-biased),bench (10-20),MAE,4.313260000311869,2172
D pts UNCONDITIONAL,O2 valid=2025-01,naive: conditional season mean (selection-biased),fringe (<10),MAE,2.016216477721866,1537
D pts UNCONDITIONAL,O2 valid=2025-01,naive: conditional season mean (selection-biased),unknown (no history),MAE,10.541403885095265,59
D pts UNCONDITIONAL,O2 valid=2025-01,naive: unconditional season mean (0 for misses),ALL,MAE,4.545690875582947,7393
D pts UNCONDITIONAL,O2 valid=2025-01,naive: unconditional season mean (0 for misses),star (>=30),MAE,7.5514885463634815,1603
D pts UNCONDITIONAL,O2 valid=2025-01,naive: unconditional season mean (0 for misses),starter (20-30),MAE,5.688849408036916,2022
D pts UNCONDITIONAL,O2 valid=2025-01,naive: unconditional season mean (0 for misses),bench (10-20),MAE,3.663403762127281,2172
D pts UNCONDITIONAL,O2 valid=2025-01,naive: unconditional season mean (0 for misses),fringe (<10),MAE,1.2828859763833316,1537
D pts UNCONDITIONAL,O2 valid=2025-01,naive: unconditional season mean (0 for misses),unknown (no history),MAE,1.1812590385049948,59
D pts UNCONDITIONAL,O2 valid=2025-01,direct LightGBM on all scheduled rows,ALL,MAE,4.153468785877189,7393
D pts UNCONDITIONAL,O2 valid=2025-01,direct LightGBM on all scheduled rows,star (>=30),MAE,6.947397204947801,1603
D pts UNCONDITIONAL,O2 valid=2025-01,direct LightGBM on all scheduled rows,starter (20-30),MAE,5.020367821018163,2022
D pts UNCONDITIONAL,O2 valid=2025-01,direct LightGBM on all scheduled rows,bench (10-20),MAE,3.3370409401246093,2172
D pts UNCONDITIONAL,O2 valid=2025-01,direct LightGBM on all scheduled rows,fringe (<10),MAE,1.3807153062538307,1537
D pts UNCONDITIONAL,O2 valid=2025-01,direct LightGBM on all scheduled rows,unknown (no history),MAE,0.8223886897833467,59
D pts UNCONDITIONAL,O2 valid=2025-01,decomposed: P(play) x E[PTS|played],ALL,MAE,4.118317782741076,7393
D pts UNCONDITIONAL,O2 valid=2025-01,decomposed: P(play) x E[PTS|played],star (>=30),MAE,6.892632124632634,1603
D pts UNCONDITIONAL,O2 valid=2025-01,decomposed: P(play) x E[PTS|played],starter (20-30),MAE,4.959037095083306,2022
D pts UNCONDITIONAL,O2 valid=2025-01,decomposed: P(play) x E[PTS|played],bench (10-20),MAE,3.313942849564212,2172
D pts UNCONDITIONAL,O2 valid=2025-01,decomposed: P(play) x E[PTS|played],fringe (<10),MAE,1.3844020734327291,1537
D pts UNCONDITIONAL,O2 valid=2025-01,decomposed: P(play) x E[PTS|played],unknown (no history),MAE,0.761884909163496,59
D pts UNCONDITIONAL,O2 valid=2025-01,decomposed: P(play) x E[MIN|played] x prior PTS/min,ALL,MAE,4.103179598192748,7393
D pts UNCONDITIONAL,O2 valid=2025-01,decomposed: P(play) x E[MIN|played] x prior PTS/min,star (>=30),MAE,6.898183556533991,1603
D pts UNCONDITIONAL,O2 valid=2025-01,decomposed: P(play) x E[MIN|played] x prior PTS/min,starter (20-30),MAE,4.97488427640662,2022
D pts UNCONDITIONAL,O2 valid=2025-01,decomposed: P(play) x E[MIN|played] x prior PTS/min,bench (10-20),MAE,3.2841115980509166,2172
D pts UNCONDITIONAL,O2 valid=2025-01,decomposed: P(play) x E[MIN|played] x prior PTS/min,fringe (<10),MAE,1.3226685415969894,1537
D pts UNCONDITIONAL,O2 valid=2025-01,decomposed: P(play) x E[MIN|played] x prior PTS/min,unknown (no history),MAE,0.8774674918584069,59
A availability,O3 valid=2025-02,baseline: global rate,ALL,Brier,0.2352718139362065,5953
A availability,O3 valid=2025-02,baseline: global rate,ALL,LogLoss,0.6636831443539869,5953
A availability,O3 valid=2025-02,baseline: shifted appearance rate(10),ALL,Brier,0.18289675449504472,5953
A availability,O3 valid=2025-02,baseline: shifted appearance rate(10),ALL,LogLoss,0.6364950789088322,5953
A availability,O3 valid=2025-02,logistic regression,ALL,Brier,0.16218036364170374,5953
A availability,O3 valid=2025-02,logistic regression,ALL,LogLoss,0.5030345167414012,5953
A availability,O3 valid=2025-02,LightGBM classifier,ALL,Brier,0.1406553525121584,5953
A availability,O3 valid=2025-02,LightGBM classifier,ALL,LogLoss,0.43897801098805306,5953
B minutes|played,O3 valid=2025-02,baseline: expanding season mean,ALL,MAE,5.349928384602762,3739
B minutes|played,O3 valid=2025-02,baseline: expanding season mean,star (>=30),MAE,4.3067726954584025,979
B minutes|played,O3 valid=2025-02,baseline: expanding season mean,starter (20-30),MAE,5.294837521242586,1308
B minutes|played,O3 valid=2025-02,baseline: expanding season mean,bench (10-20),MAE,6.345706218057734,1034
B minutes|played,O3 valid=2025-02,baseline: expanding season mean,fringe (<10),MAE,5.3302361415050825,411
B minutes|played,O3 valid=2025-02,baseline: expanding season mean,unknown (no history),MAE,15.602428537194893,7
B minutes|played,O3 valid=2025-02,baseline: EWMA (halflife 5),ALL,MAE,4.960714105271345,3739
B minutes|played,O3 valid=2025-02,baseline: EWMA (halflife 5),star (>=30),MAE,3.9449132442729717,979
B minutes|played,O3 valid=2025-02,baseline: EWMA (halflife 5),starter (20-30),MAE,4.953855070682232,1308
B minutes|played,O3 valid=2025-02,baseline: EWMA (halflife 5),bench (10-20),MAE,5.898625774171943,1034
B minutes|played,O3 valid=2025-02,baseline: EWMA (halflife 5),fringe (<10),MAE,4.861317495765951,411
B minutes|played,O3 valid=2025-02,baseline: EWMA (halflife 5),unknown (no history),MAE,15.602428537194893,7
B minutes|played,O3 valid=2025-02,ridge,ALL,MAE,4.910076436082144,3739
B minutes|played,O3 valid=2025-02,ridge,star (>=30),MAE,4.078605672655379,979
B minutes|played,O3 valid=2025-02,ridge,starter (20-30),MAE,4.890443128712003,1308
B minutes|played,O3 valid=2025-02,ridge,bench (10-20),MAE,5.7010392112367425,1034
B minutes|played,O3 valid=2025-02,ridge,fringe (<10),MAE,4.8931421723751845,411
B minutes|played,O3 valid=2025-02,ridge,unknown (no history),MAE,9.023607337318149,7
B minutes|played,O3 valid=2025-02,LightGBM,ALL,MAE,4.867812300708816,3739
B minutes|played,O3 valid=2025-02,LightGBM,star (>=30),MAE,4.031051008973098,979
B minutes|played,O3 valid=2025-02,LightGBM,starter (20-30),MAE,4.845695807127953,1308
B minutes|played,O3 valid=2025-02,LightGBM,bench (10-20),MAE,5.690339535133739,1034
B minutes|played,O3 valid=2025-02,LightGBM,fringe (<10),MAE,4.825478873674496,411
B minutes|played,O3 valid=2025-02,LightGBM,unknown (no history),MAE,7.01403463339022,7
C1 pts|played,O3 valid=2025-02,baseline: expanding season mean,ALL,MAE,4.731865000469837,3739
C1 pts|played,O3 valid=2025-02,baseline: expanding season mean,star (>=30),MAE,6.115184863417119,979
C1 pts|played,O3 valid=2025-02,baseline: expanding season mean,starter (20-30),MAE,4.809344893038728,1308
C1 pts|played,O3 valid=2025-02,baseline: expanding season mean,bench (10-20),MAE,4.019076946885084,1034
C1 pts|played,O3 valid=2025-02,baseline: expanding season mean,fringe (<10),MAE,2.9231076105619223,411
C1 pts|played,O3 valid=2025-02,baseline: expanding season mean,unknown (no history),MAE,8.275906336654,7
C1 pts|played,O3 valid=2025-02,baseline: EWMA (halflife 5),ALL,MAE,4.687562362334617,3739
C1 pts|played,O3 valid=2025-02,baseline: EWMA (halflife 5),star (>=30),MAE,6.172910597689131,979
C1 pts|played,O3 valid=2025-02,baseline: EWMA (halflife 5),starter (20-30),MAE,4.776182763645844,1308
C1 pts|played,O3 valid=2025-02,baseline: EWMA (halflife 5),bench (10-20),MAE,3.9354030143568264,1034
C1 pts|played,O3 valid=2025-02,baseline: EWMA (halflife 5),fringe (<10),MAE,2.698615770270505,411
C1 pts|played,O3 valid=2025-02,baseline: EWMA (halflife 5),unknown (no history),MAE,8.275906336654,7
C1 pts|played,O3 valid=2025-02,ridge,ALL,MAE,4.612924067024783,3739
C1 pts|played,O3 valid=2025-02,ridge,star (>=30),MAE,5.991054896962705,979
C1 pts|played,O3 valid=2025-02,ridge,starter (20-30),MAE,4.727364506638827,1308
C1 pts|played,O3 valid=2025-02,ridge,bench (10-20),MAE,3.9133317025000536,1034
C1 pts|played,O3 valid=2025-02,ridge,fringe (<10),MAE,2.7218619339766956,411
C1 pts|played,O3 valid=2025-02,ridge,unknown (no history),MAE,4.859618935158868,7
C1 pts|played,O3 valid=2025-02,LightGBM,ALL,MAE,4.670343154919642,3739
C1 pts|played,O3 valid=2025-02,LightGBM,star (>=30),MAE,6.120196172071414,979
C1 pts|played,O3 valid=2025-02,LightGBM,starter (20-30),MAE,4.736428202985878,1308
C1 pts|played,O3 valid=2025-02,LightGBM,bench (10-20),MAE,3.9420040167032173,1034
C1 pts|played,O3 valid=2025-02,LightGBM,fringe (<10),MAE,2.8529846171441475,411
C1 pts|played,O3 valid=2025-02,LightGBM,unknown (no history),MAE,3.840583337675253,7
C2 ast|played,O3 valid=2025-02,baseline: expanding season mean,ALL,MAE,1.3489847682142697,3739
C2 ast|played,O3 valid=2025-02,baseline: expanding season mean,star (>=30),MAE,1.7847585316638217,979
C2 ast|played,O3 valid=2025-02,baseline: expanding season mean,starter (20-30),MAE,1.3679095048048553,1308
C2 ast|played,O3 valid=2025-02,baseline: expanding season mean,bench (10-20),MAE,1.1398972991650331,1034
C2 ast|played,O3 valid=2025-02,baseline: expanding season mean,fringe (<10),MAE,0.7672745800163613,411
C2 ast|played,O3 valid=2025-02,baseline: expanding season mean,unknown (no history),MAE,1.9065934065934067,7
C2 ast|played,O3 valid=2025-02,baseline: EWMA (halflife 5),ALL,MAE,1.3411757223622276,3739
C2 ast|played,O3 valid=2025-02,baseline: EWMA (halflife 5),star (>=30),MAE,1.7682739380311199,979
C2 ast|played,O3 valid=2025-02,baseline: EWMA (halflife 5),starter (20-30),MAE,1.380111642508082,1308
C2 ast|played,O3 valid=2025-02,baseline: EWMA (halflife 5),bench (10-20),MAE,1.1241096780360889,1034
C2 ast|played,O3 valid=2025-02,baseline: EWMA (halflife 5),fringe (<10),MAE,0.7363850395227789,411
C2 ast|played,O3 valid=2025-02,baseline: EWMA (halflife 5),unknown (no history),MAE,1.9065934065934067,7
C2 ast|played,O3 valid=2025-02,ridge,ALL,MAE,1.3225196341272758,3739
C2 ast|played,O3 valid=2025-02,ridge,star (>=30),MAE,1.749149098425923,979
C2 ast|played,O3 valid=2025-02,ridge,starter (20-30),MAE,1.348438491989466,1308
C2 ast|played,O3 valid=2025-02,ridge,bench (10-20),MAE,1.1084222554414738,1034
C2 ast|played,O3 valid=2025-02,ridge,fringe (<10),MAE,0.7652363738480731,411
C2 ast|played,O3 valid=2025-02,ridge,unknown (no history),MAE,1.157947906091676,7
C2 ast|played,O3 valid=2025-02,LightGBM,ALL,MAE,1.346815857716919,3739
C2 ast|played,O3 valid=2025-02,LightGBM,star (>=30),MAE,1.8191179253771703,979
C2 ast|played,O3 valid=2025-02,LightGBM,starter (20-30),MAE,1.3559031290774446,1308
C2 ast|played,O3 valid=2025-02,LightGBM,bench (10-20),MAE,1.1100002092106376,1034
C2 ast|played,O3 valid=2025-02,LightGBM,fringe (<10),MAE,0.7976370177597516,411
C2 ast|played,O3 valid=2025-02,LightGBM,unknown (no history),MAE,0.8196742289935081,7
D pts UNCONDITIONAL,O3 valid=2025-02,naive: conditional season mean (selection-biased),ALL,MAE,5.52757404440573,5953
D pts UNCONDITIONAL,O3 valid=2025-02,naive: conditional season mean (selection-biased),star (>=30),MAE,8.81693514117104,1230
D pts UNCONDITIONAL,O3 valid=2025-02,naive: conditional season mean (selection-biased),starter (20-30),MAE,6.215734575230666,1750
D pts UNCONDITIONAL,O3 valid=2025-02,naive: conditional season mean (selection-biased),bench (10-20),MAE,4.536788850919688,1616
D pts UNCONDITIONAL,O3 valid=2025-02,naive: conditional season mean (selection-biased),fringe (<10),MAE,2.4486234855283273,1290
D pts UNCONDITIONAL,O3 valid=2025-02,naive: conditional season mean (selection-biased),unknown (no history),MAE,10.34488771097782,67
D pts UNCONDITIONAL,O3 valid=2025-02,naive: unconditional season mean (0 for misses),ALL,MAE,4.787743742137725,5953
D pts UNCONDITIONAL,O3 valid=2025-02,naive: unconditional season mean (0 for misses),star (>=30),MAE,8.317805499954897,1230
D pts UNCONDITIONAL,O3 valid=2025-02,naive: unconditional season mean (0 for misses),starter (20-30),MAE,5.7702441036061725,1750
D pts UNCONDITIONAL,O3 valid=2025-02,naive: unconditional season mean (0 for misses),bench (10-20),MAE,3.745176687850511,1616
D pts UNCONDITIONAL,O3 valid=2025-02,naive: unconditional season mean (0 for misses),fringe (<10),MAE,1.5623990876235234,1290
D pts UNCONDITIONAL,O3 valid=2025-02,naive: unconditional season mean (0 for misses),unknown (no history),MAE,1.5658238819370727,67
D pts UNCONDITIONAL,O3 valid=2025-02,direct LightGBM on all scheduled rows,ALL,MAE,4.24257752510983,5953
D pts UNCONDITIONAL,O3 valid=2025-02,direct LightGBM on all scheduled rows,star (>=30),MAE,7.376995490339117,1230
D pts UNCONDITIONAL,O3 valid=2025-02,direct LightGBM on all scheduled rows,starter (20-30),MAE,4.948294910576866,1750
D pts UNCONDITIONAL,O3 valid=2025-02,direct LightGBM on all scheduled rows,bench (10-20),MAE,3.417915581457113,1616
D pts UNCONDITIONAL,O3 valid=2025-02,direct LightGBM on all scheduled rows,fringe (<10),MAE,1.4973169685699568,1290
D pts UNCONDITIONAL,O3 valid=2025-02,direct LightGBM on all scheduled rows,unknown (no history),MAE,1.0142237501827887,67
D pts UNCONDITIONAL,O3 valid=2025-02,decomposed: P(play) x E[PTS|played],ALL,MAE,4.199775232580003,5953
D pts UNCONDITIONAL,O3 valid=2025-02,decomposed: P(play) x E[PTS|played],star (>=30),MAE,7.208631333017752,1230
D pts UNCONDITIONAL,O3 valid=2025-02,decomposed: P(play) x E[PTS|played],starter (20-30),MAE,4.909218590367084,1750
D pts UNCONDITIONAL,O3 valid=2025-02,decomposed: P(play) x E[PTS|played],bench (10-20),MAE,3.4010491020721627,1616
D pts UNCONDITIONAL,O3 valid=2025-02,decomposed: P(play) x E[PTS|played],fringe (<10),MAE,1.5418660445481234,1290
D pts UNCONDITIONAL,O3 valid=2025-02,decomposed: P(play) x E[PTS|played],unknown (no history),MAE,0.871796125057233,67
D pts UNCONDITIONAL,O3 valid=2025-02,decomposed: P(play) x E[MIN|played] x prior PTS/min,ALL,MAE,4.198611412607272,5953
D pts UNCONDITIONAL,O3 valid=2025-02,decomposed: P(play) x E[MIN|played] x prior PTS/min,star (>=30),MAE,7.27747695404235,1230
D pts UNCONDITIONAL,O3 valid=2025-02,decomposed: P(play) x E[MIN|played] x prior PTS/min,starter (20-30),MAE,4.954309959842233,1750
D pts UNCONDITIONAL,O3 valid=2025-02,decomposed: P(play) x E[MIN|played] x prior PTS/min,bench (10-20),MAE,3.35240634302553,1616
D pts UNCONDITIONAL,O3 valid=2025-02,decomposed: P(play) x E[MIN|played] x prior PTS/min,fringe (<10),MAE,1.4642829879765367,1290
D pts UNCONDITIONAL,O3 valid=2025-02,decomposed: P(play) x E[MIN|played] x prior PTS/min,unknown (no history),MAE,0.9937455408374029,67
