origin,fold,target,method,MAE,n
O1 valid=2024-12,inner1,PTS,h3,4.556968296702213,4371
O1 valid=2024-12,inner1,PTS,h5,4.506816603171223,4371
O1 valid=2024-12,inner1,PTS,h8,4.480096875005041,4371
O1 valid=2024-12,inner1,PTS,h12,4.472654876748617,4371
O1 valid=2024-12,inner1,PTS,h20,4.47873670379635,4371
O1 valid=2024-12,inner1,PTS,expanding,4.555420464687773,4371
O1 valid=2024-12,inner1,AST,h3,1.3111005865706782,4371
O1 valid=2024-12,inner1,AST,h5,1.3013569034589523,4371
O1 valid=2024-12,inner1,AST,h8,1.3001886442032744,4371
O1 valid=2024-12,inner1,AST,h12,1.302893191201,4371
O1 valid=2024-12,inner1,AST,h20,1.3086039101047493,4371
O1 valid=2024-12,inner1,AST,expanding,1.3255932797680312,4371
O1 valid=2024-12,inner1,REB,h3,1.86510199559073,4371
O1 valid=2024-12,inner1,REB,h5,1.8423074357368656,4371
O1 valid=2024-12,inner1,REB,h8,1.8330337796033511,4371
O1 valid=2024-12,inner1,REB,h12,1.8313195869130834,4371
O1 valid=2024-12,inner1,REB,h20,1.8328282540260366,4371
O1 valid=2024-12,inner1,REB,expanding,1.84366675055616,4371
O1 valid=2024-12,inner1,STL,h3,0.733948781334204,4371
O1 valid=2024-12,inner1,STL,h5,0.7226279043922689,4371
O1 valid=2024-12,inner1,STL,h8,0.7151829950648942,4371
O1 valid=2024-12,inner1,STL,h12,0.7107408762177589,4371
O1 valid=2024-12,inner1,STL,h20,0.7071603295487457,4371
O1 valid=2024-12,inner1,STL,expanding,0.7025788833827411,4371
O1 valid=2024-12,inner1,BLK,h3,0.5248518352275361,4371
O1 valid=2024-12,inner1,BLK,h5,0.5208142819748892,4371
O1 valid=2024-12,inner1,BLK,h8,0.5192916249229225,4371
O1 valid=2024-12,inner1,BLK,h12,0.5183791695934918,4371
O1 valid=2024-12,inner1,BLK,h20,0.517678347684576,4371
O1 valid=2024-12,inner1,BLK,expanding,0.5157315560506558,4371
O1 valid=2024-12,inner1,TOV,h3,0.9391522043465915,4371
O1 valid=2024-12,inner1,TOV,h5,0.918879822286549,4371
O1 valid=2024-12,inner1,TOV,h8,0.9068786491956291,4371
O1 valid=2024-12,inner1,TOV,h12,0.9011046834944927,4371
O1 valid=2024-12,inner1,TOV,h20,0.8981919261289689,4371
O1 valid=2024-12,inner1,TOV,expanding,0.9036887362229515,4371
O1 valid=2024-12,inner1,FG3M,h3,0.8904186300708048,4371
O1 valid=2024-12,inner1,FG3M,h5,0.8806697137957331,4371
O1 valid=2024-12,inner1,FG3M,h8,0.8760567406438144,4371
O1 valid=2024-12,inner1,FG3M,h12,0.8746472678595875,4371
O1 valid=2024-12,inner1,FG3M,h20,0.8739692876442046,4371
O1 valid=2024-12,inner1,FG3M,expanding,0.8794158321295987,4371
O1 valid=2024-12,inner1,FGM,h3,1.7523332848564557,4371
O1 valid=2024-12,inner1,FGM,h5,1.7305570852091174,4371
O1 valid=2024-12,inner1,FGM,h8,1.7191426070836324,4371
O1 valid=2024-12,inner1,FGM,h12,1.714296051892354,4371
O1 valid=2024-12,inner1,FGM,h20,1.7146864553152743,4371
O1 valid=2024-12,inner1,FGM,expanding,1.739532222461267,4371
O1 valid=2024-12,inner1,FGA,h3,2.7081363543908457,4371
O1 valid=2024-12,inner1,FGA,h5,2.688848545557887,4371
O1 valid=2024-12,inner1,FGA,h8,2.6871784894957758,4371
O1 valid=2024-12,inner1,FGA,h12,2.6930645846954127,4371
O1 valid=2024-12,inner1,FGA,h20,2.70661143417223,4371
O1 valid=2024-12,inner1,FGA,expanding,2.7692433418576585,4371
O1 valid=2024-12,inner1,FTM,h3,1.2590719698472037,4371
O1 valid=2024-12,inner1,FTM,h5,1.2456200216830988,4371
O1 valid=2024-12,inner1,FTM,h8,1.2384852368918164,4371
O1 valid=2024-12,inner1,FTM,h12,1.2355861761494709,4371
O1 valid=2024-12,inner1,FTM,h20,1.2370969909956917,4371
O1 valid=2024-12,inner1,FTM,expanding,1.2580297663140914,4371
O1 valid=2024-12,inner1,FTA,h3,1.5491118227283753,4371
O1 valid=2024-12,inner1,FTA,h5,1.5311674250882787,4371
O1 valid=2024-12,inner1,FTA,h8,1.5218992741980781,4371
O1 valid=2024-12,inner1,FTA,h12,1.518277855452957,4371
O1 valid=2024-12,inner1,FTA,h20,1.5189563248500462,4371
O1 valid=2024-12,inner1,FTA,expanding,1.5413229806362014,4371
O1 valid=2024-12,inner2,PTS,h3,4.6497763022535885,1998
O1 valid=2024-12,inner2,PTS,h5,4.581301054710443,1998
O1 valid=2024-12,inner2,PTS,h8,4.538866988426714,1998
O1 valid=2024-12,inner2,PTS,h12,4.517187889265731,1998
O1 valid=2024-12,inner2,PTS,h20,4.502164088526162,1998
O1 valid=2024-12,inner2,PTS,expanding,4.513375387206012,1998
O1 valid=2024-12,inner2,AST,h3,1.3169292535311625,1998
O1 valid=2024-12,inner2,AST,h5,1.3035366309656709,1998
O1 valid=2024-12,inner2,AST,h8,1.2952976152626445,1998
O1 valid=2024-12,inner2,AST,h12,1.288071858649567,1998
O1 valid=2024-12,inner2,AST,h20,1.2801386035533757,1998
O1 valid=2024-12,inner2,AST,expanding,1.2653895778744864,1998
O1 valid=2024-12,inner2,REB,h3,1.90665540644946,1998
O1 valid=2024-12,inner2,REB,h5,1.8839871706143574,1998
O1 valid=2024-12,inner2,REB,h8,1.8731417497094065,1998
O1 valid=2024-12,inner2,REB,h12,1.8692213086736982,1998
O1 valid=2024-12,inner2,REB,h20,1.8661729861070846,1998
O1 valid=2024-12,inner2,REB,expanding,1.8645181901957255,1998
O1 valid=2024-12,inner2,STL,h3,0.7087939712700297,1998
O1 valid=2024-12,inner2,STL,h5,0.6969822838402125,1998
O1 valid=2024-12,inner2,STL,h8,0.6896272585554977,1998
O1 valid=2024-12,inner2,STL,h12,0.6852357284070028,1998
O1 valid=2024-12,inner2,STL,h20,0.6815467245882191,1998
O1 valid=2024-12,inner2,STL,expanding,0.678225458882668,1998
O1 valid=2024-12,inner2,BLK,h3,0.5346966849945252,1998
O1 valid=2024-12,inner2,BLK,h5,0.529286750992899,1998
O1 valid=2024-12,inner2,BLK,h8,0.5261886225158565,1998
O1 valid=2024-12,inner2,BLK,h12,0.5242520802030802,1998
O1 valid=2024-12,inner2,BLK,h20,0.5222087065245632,1998
O1 valid=2024-12,inner2,BLK,expanding,0.5159445005365201,1998
O1 valid=2024-12,inner2,TOV,h3,0.9090878332279024,1998
O1 valid=2024-12,inner2,TOV,h5,0.8961796034659039,1998
O1 valid=2024-12,inner2,TOV,h8,0.888489239103415,1998
O1 valid=2024-12,inner2,TOV,h12,0.8845392219029756,1998
O1 valid=2024-12,inner2,TOV,h20,0.8820325586400273,1998
O1 valid=2024-12,inner2,TOV,expanding,0.8847180084312696,1998
O1 valid=2024-12,inner2,FG3M,h3,0.8880276414651285,1998
O1 valid=2024-12,inner2,FG3M,h5,0.8772491381303456,1998
O1 valid=2024-12,inner2,FG3M,h8,0.8715029930197629,1998
O1 valid=2024-12,inner2,FG3M,h12,0.8688363389373276,1998
O1 valid=2024-12,inner2,FG3M,h20,0.8665618235657951,1998
O1 valid=2024-12,inner2,FG3M,expanding,0.8643643157491436,1998
O1 valid=2024-12,inner2,FGM,h3,1.798395662822408,1998
O1 valid=2024-12,inner2,FGM,h5,1.7721505200416727,1998
O1 valid=2024-12,inner2,FGM,h8,1.756536339436743,1998
O1 valid=2024-12,inner2,FGM,h12,1.7474915707042193,1998
O1 valid=2024-12,inner2,FGM,h20,1.7400750577936461,1998
O1 valid=2024-12,inner2,FGM,expanding,1.739784497879577,1998
O1 valid=2024-12,inner2,FGA,h3,2.803081050500216,1998
O1 valid=2024-12,inner2,FGA,h5,2.7769979591093197,1998
O1 valid=2024-12,inner2,FGA,h8,2.7630208264579967,1998
O1 valid=2024-12,inner2,FGA,h12,2.7577866792454193,1998
O1 valid=2024-12,inner2,FGA,h20,2.754806014104779,1998
O1 valid=2024-12,inner2,FGA,expanding,2.7719962963340006,1998
O1 valid=2024-12,inner2,FTM,h3,1.360076309913695,1998
O1 valid=2024-12,inner2,FTM,h5,1.3346519575368896,1998
O1 valid=2024-12,inner2,FTM,h8,1.3205727072634608,1998
O1 valid=2024-12,inner2,FTM,h12,1.3147039117744574,1998
O1 valid=2024-12,inner2,FTM,h20,1.3138744781556895,1998
O1 valid=2024-12,inner2,FTM,expanding,1.3275845503178667,1998
O1 valid=2024-12,inner2,FTA,h3,1.6537636950270649,1998
O1 valid=2024-12,inner2,FTA,h5,1.6252734327016416,1998
O1 valid=2024-12,inner2,FTA,h8,1.6125853896425253,1998
O1 valid=2024-12,inner2,FTA,h12,1.6083419499508258,1998
O1 valid=2024-12,inner2,FTA,h20,1.6075860718742818,1998
O1 valid=2024-12,inner2,FTA,expanding,1.6191797596035575,1998
O2 valid=2025-01,inner1,PTS,h3,4.6170802910187,3498
O2 valid=2025-01,inner1,PTS,h5,4.560593995684647,3498
O2 valid=2025-01,inner1,PTS,h8,4.537703294600551,3498
O2 valid=2025-01,inner1,PTS,h12,4.532584246619392,3498
O2 valid=2025-01,inner1,PTS,h20,4.537964837381774,3498
O2 valid=2025-01,inner1,PTS,expanding,4.61260676779399,3498
O2 valid=2025-01,inner1,AST,h3,1.3429853062970178,3498
O2 valid=2025-01,inner1,AST,h5,1.3251313147608643,3498
O2 valid=2025-01,inner1,AST,h8,1.3158179230134937,3498
O2 valid=2025-01,inner1,AST,h12,1.3129972434682444,3498
O2 valid=2025-01,inner1,AST,h20,1.3153671765274604,3498
O2 valid=2025-01,inner1,AST,expanding,1.3428966422192121,3498
O2 valid=2025-01,inner1,REB,h3,1.9055193777860728,3498
O2 valid=2025-01,inner1,REB,h5,1.8833300911073914,3498
O2 valid=2025-01,inner1,REB,h8,1.8736583564491087,3498
O2 valid=2025-01,inner1,REB,h12,1.8699923209062774,3498
O2 valid=2025-01,inner1,REB,h20,1.869379726681159,3498
O2 valid=2025-01,inner1,REB,expanding,1.8786773051906824,3498
O2 valid=2025-01,inner1,STL,h3,0.759362771921595,3498
O2 valid=2025-01,inner1,STL,h5,0.7469188078214173,3498
O2 valid=2025-01,inner1,STL,h8,0.7391319673081422,3498
O2 valid=2025-01,inner1,STL,h12,0.7347907503345971,3498
O2 valid=2025-01,inner1,STL,h20,0.7311578877834688,3498
O2 valid=2025-01,inner1,STL,expanding,0.7258209063652461,3498
O2 valid=2025-01,inner1,BLK,h3,0.5406542169729792,3498
O2 valid=2025-01,inner1,BLK,h5,0.5368348405496476,3498
O2 valid=2025-01,inner1,BLK,h8,0.5349586091140178,3498
O2 valid=2025-01,inner1,BLK,h12,0.5335800725232245,3498
O2 valid=2025-01,inner1,BLK,h20,0.5324725676398543,3498
O2 valid=2025-01,inner1,BLK,expanding,0.5313785713715364,3498
O2 valid=2025-01,inner1,TOV,h3,0.9411702405656803,3498
O2 valid=2025-01,inner1,TOV,h5,0.921743515557839,3498
O2 valid=2025-01,inner1,TOV,h8,0.9114530651873424,3498
O2 valid=2025-01,inner1,TOV,h12,0.905788529518536,3498
O2 valid=2025-01,inner1,TOV,h20,0.9021292742666625,3498
O2 valid=2025-01,inner1,TOV,expanding,0.90580699216959,3498
O2 valid=2025-01,inner1,FG3M,h3,0.8965484303281542,3498
O2 valid=2025-01,inner1,FG3M,h5,0.8833185478347665,3498
O2 valid=2025-01,inner1,FG3M,h8,0.8751227880819551,3498
O2 valid=2025-01,inner1,FG3M,h12,0.8709203839007962,3498
O2 valid=2025-01,inner1,FG3M,h20,0.8686590459463541,3498
O2 valid=2025-01,inner1,FG3M,expanding,0.874010675243938,3498
O2 valid=2025-01,inner1,FGM,h3,1.7565425119371783,3498
O2 valid=2025-01,inner1,FGM,h5,1.7323041761387155,3498
O2 valid=2025-01,inner1,FGM,h8,1.7198127702207107,3498
O2 valid=2025-01,inner1,FGM,h12,1.7162216100645076,3498
O2 valid=2025-01,inner1,FGM,h20,1.7179077127276954,3498
O2 valid=2025-01,inner1,FGM,expanding,1.741491244778132,3498
O2 valid=2025-01,inner1,FGA,h3,2.736997621481646,3498
O2 valid=2025-01,inner1,FGA,h5,2.7115954936189066,3498
O2 valid=2025-01,inner1,FGA,h8,2.7041650284394887,3498
O2 valid=2025-01,inner1,FGA,h12,2.7067869663358675,3498
O2 valid=2025-01,inner1,FGA,h20,2.718170027029202,3498
O2 valid=2025-01,inner1,FGA,expanding,2.793020818632457,3498
O2 valid=2025-01,inner1,FTM,h3,1.31047756371882,3498
O2 valid=2025-01,inner1,FTM,h5,1.296932808458073,3498
O2 valid=2025-01,inner1,FTM,h8,1.2911552116248612,3498
O2 valid=2025-01,inner1,FTM,h12,1.2890456458882453,3498
O2 valid=2025-01,inner1,FTM,h20,1.2910963535070015,3498
O2 valid=2025-01,inner1,FTM,expanding,1.3225820422239696,3498
O2 valid=2025-01,inner1,FTA,h3,1.6058406245293486,3498
O2 valid=2025-01,inner1,FTA,h5,1.5876567442153897,3498
O2 valid=2025-01,inner1,FTA,h8,1.5803272520067013,3498
O2 valid=2025-01,inner1,FTA,h12,1.5781760746947084,3498
O2 valid=2025-01,inner1,FTA,h20,1.580056127778607,3498
O2 valid=2025-01,inner1,FTA,expanding,1.6135950770620893,3498
O2 valid=2025-01,inner2,PTS,h3,4.541880163049431,4525
O2 valid=2025-01,inner2,PTS,h5,4.491566168577746,4525
O2 valid=2025-01,inner2,PTS,h8,4.466482561000862,4525
O2 valid=2025-01,inner2,PTS,h12,4.460531939349423,4525
O2 valid=2025-01,inner2,PTS,h20,4.4689998456434745,4525
O2 valid=2025-01,inner2,PTS,expanding,4.547149647509321,4525
O2 valid=2025-01,inner2,AST,h3,1.3141353732862955,4525
O2 valid=2025-01,inner2,AST,h5,1.3028129759180331,4525
O2 valid=2025-01,inner2,AST,h8,1.3002585836797758,4525
O2 valid=2025-01,inner2,AST,h12,1.3020498713131101,4525
O2 valid=2025-01,inner2,AST,h20,1.3078636635748704,4525
O2 valid=2025-01,inner2,AST,expanding,1.3267620258129587,4525
O2 valid=2025-01,inner2,REB,h3,1.8650720620886814,4525
O2 valid=2025-01,inner2,REB,h5,1.8403493908506814,4525
O2 valid=2025-01,inner2,REB,h8,1.8302209646308656,4525
O2 valid=2025-01,inner2,REB,h12,1.8280469570114386,4525
O2 valid=2025-01,inner2,REB,h20,1.8286402662807861,4525
O2 valid=2025-01,inner2,REB,expanding,1.838939516583067,4525
O2 valid=2025-01,inner2,STL,h3,0.732562614838123,4525
O2 valid=2025-01,inner2,STL,h5,0.7202864658384407,4525
O2 valid=2025-01,inner2,STL,h8,0.7124440710300048,4525
O2 valid=2025-01,inner2,STL,h12,0.7077229954006108,4525
O2 valid=2025-01,inner2,STL,h20,0.7039828703079256,4525
O2 valid=2025-01,inner2,STL,expanding,0.699452927077181,4525
O2 valid=2025-01,inner2,BLK,h3,0.5222723757726896,4525
O2 valid=2025-01,inner2,BLK,h5,0.5188080049058187,4525
O2 valid=2025-01,inner2,BLK,h8,0.517579432366949,4525
O2 valid=2025-01,inner2,BLK,h12,0.5168098390154482,4525
O2 valid=2025-01,inner2,BLK,h20,0.5161767210999632,4525
O2 valid=2025-01,inner2,BLK,expanding,0.5140574498023142,4525
O2 valid=2025-01,inner2,TOV,h3,0.9326819135918435,4525
O2 valid=2025-01,inner2,TOV,h5,0.9119894856770419,4525
O2 valid=2025-01,inner2,TOV,h8,0.8996495660132092,4525
O2 valid=2025-01,inner2,TOV,h12,0.8934234761147192,4525
O2 valid=2025-01,inner2,TOV,h20,0.8902025565839329,4525
O2 valid=2025-01,inner2,TOV,expanding,0.8956933900706919,4525
O2 valid=2025-01,inner2,FG3M,h3,0.8898490766189291,4525
O2 valid=2025-01,inner2,FG3M,h5,0.8805065828096565,4525
O2 valid=2025-01,inner2,FG3M,h8,0.8760553524228066,4525
O2 valid=2025-01,inner2,FG3M,h12,0.8750607259903294,4525
O2 valid=2025-01,inner2,FG3M,h20,0.875197559532519,4525
O2 valid=2025-01,inner2,FG3M,expanding,0.8821423439610115,4525
O2 valid=2025-01,inner2,FGM,h3,1.7398368437011955,4525
O2 valid=2025-01,inner2,FGM,h5,1.7180922489643202,4525
O2 valid=2025-01,inner2,FGM,h8,1.7076900726613649,4525
O2 valid=2025-01,inner2,FGM,h12,1.7035819190801371,4525
O2 valid=2025-01,inner2,FGM,h20,1.705137659238945,4525
O2 valid=2025-01,inner2,FGM,expanding,1.7307412446679675,4525
O2 valid=2025-01,inner2,FGA,h3,2.677075900745696,4525
O2 valid=2025-01,inner2,FGA,h5,2.6561741430134456,4525
O2 valid=2025-01,inner2,FGA,h8,2.652826252471926,4525
O2 valid=2025-01,inner2,FGA,h12,2.6584673501802123,4525
O2 valid=2025-01,inner2,FGA,h20,2.6714332342777136,4525
O2 valid=2025-01,inner2,FGA,expanding,2.7361892128487337,4525
O2 valid=2025-01,inner2,FTM,h3,1.2577514353327066,4525
O2 valid=2025-01,inner2,FTM,h5,1.2456248528051386,4525
O2 valid=2025-01,inner2,FTM,h8,1.2394420793620862,4525
O2 valid=2025-01,inner2,FTM,h12,1.2372569032345062,4525
O2 valid=2025-01,inner2,FTM,h20,1.239697928959443,4525
O2 valid=2025-01,inner2,FTM,expanding,1.262402088872923,4525
O2 valid=2025-01,inner2,FTA,h3,1.5551711652344404,4525
O2 valid=2025-01,inner2,FTA,h5,1.5394782929699073,4525
O2 valid=2025-01,inner2,FTA,h8,1.5311483794444407,4525
O2 valid=2025-01,inner2,FTA,h12,1.5281908789425862,4525
O2 valid=2025-01,inner2,FTA,h20,1.5300570262391633,4525
O2 valid=2025-01,inner2,FTA,expanding,1.5555434859001576,4525
O3 valid=2025-02,inner1,PTS,h3,4.481602576417453,4372
O3 valid=2025-02,inner1,PTS,h5,4.4218603854169025,4372
O3 valid=2025-02,inner1,PTS,h8,4.39222874585342,4372
O3 valid=2025-02,inner1,PTS,h12,4.3786192286166115,4372
O3 valid=2025-02,inner1,PTS,h20,4.373578400256875,4372
O3 valid=2025-02,inner1,PTS,expanding,4.449164754894179,4372
O3 valid=2025-02,inner1,AST,h3,1.3195724792033474,4372
O3 valid=2025-02,inner1,AST,h5,1.29903564113226,4372
O3 valid=2025-02,inner1,AST,h8,1.2888633265388099,4372
O3 valid=2025-02,inner1,AST,h12,1.2831957725718817,4372
O3 valid=2025-02,inner1,AST,h20,1.2786371979122768,4372
O3 valid=2025-02,inner1,AST,expanding,1.2919367940169337,4372
O3 valid=2025-02,inner1,REB,h3,1.8830775052450333,4372
O3 valid=2025-02,inner1,REB,h5,1.8612016352267704,4372
O3 valid=2025-02,inner1,REB,h8,1.848382585221335,4372
O3 valid=2025-02,inner1,REB,h12,1.840464299220891,4372
O3 valid=2025-02,inner1,REB,h20,1.8360522356627094,4372
O3 valid=2025-02,inner1,REB,expanding,1.8474139305751955,4372
O3 valid=2025-02,inner1,STL,h3,0.721068704185605,4372
O3 valid=2025-02,inner1,STL,h5,0.7108896045317137,4372
O3 valid=2025-02,inner1,STL,h8,0.7038996308819339,4372
O3 valid=2025-02,inner1,STL,h12,0.6992841112834295,4372
O3 valid=2025-02,inner1,STL,h20,0.695527411415141,4372
O3 valid=2025-02,inner1,STL,expanding,0.6915586095733107,4372
O3 valid=2025-02,inner1,BLK,h3,0.5033406013649617,4372
O3 valid=2025-02,inner1,BLK,h5,0.5011295842888536,4372
O3 valid=2025-02,inner1,BLK,h8,0.5006586181376482,4372
O3 valid=2025-02,inner1,BLK,h12,0.5011258968293419,4372
O3 valid=2025-02,inner1,BLK,h20,0.5019488726668259,4372
O3 valid=2025-02,inner1,BLK,expanding,0.5033665982691764,4372
O3 valid=2025-02,inner1,TOV,h3,0.8999190405952204,4372
O3 valid=2025-02,inner1,TOV,h5,0.8877132547459992,4372
O3 valid=2025-02,inner1,TOV,h8,0.8801197632881758,4372
O3 valid=2025-02,inner1,TOV,h12,0.8751607569059758,4372
O3 valid=2025-02,inner1,TOV,h20,0.8706870250270675,4372
O3 valid=2025-02,inner1,TOV,expanding,0.8688032622444269,4372
O3 valid=2025-02,inner1,FG3M,h3,0.873488561784091,4372
O3 valid=2025-02,inner1,FG3M,h5,0.8627101781292091,4372
O3 valid=2025-02,inner1,FG3M,h8,0.8563006175871045,4372
O3 valid=2025-02,inner1,FG3M,h12,0.8519637985925755,4372
O3 valid=2025-02,inner1,FG3M,h20,0.848308496529774,4372
O3 valid=2025-02,inner1,FG3M,expanding,0.8511438479106784,4372
O3 valid=2025-02,inner1,FGM,h3,1.7263397554856474,4372
O3 valid=2025-02,inner1,FGM,h5,1.7045850934877314,4372
O3 valid=2025-02,inner1,FGM,h8,1.693506536157859,4372
O3 valid=2025-02,inner1,FGM,h12,1.6888750693541335,4372
O3 valid=2025-02,inner1,FGM,h20,1.6876112993123782,4372
O3 valid=2025-02,inner1,FGM,expanding,1.7144497439634838,4372
O3 valid=2025-02,inner1,FGA,h3,2.6881291816397086,4372
O3 valid=2025-02,inner1,FGA,h5,2.6629533709392845,4372
O3 valid=2025-02,inner1,FGA,h8,2.6531325694716625,4372
O3 valid=2025-02,inner1,FGA,h12,2.650250080325781,4372
O3 valid=2025-02,inner1,FGA,h20,2.6544855752938434,4372
O3 valid=2025-02,inner1,FGA,expanding,2.7294231112422467,4372
O3 valid=2025-02,inner1,FTM,h3,1.2703302276961455,4372
O3 valid=2025-02,inner1,FTM,h5,1.2565257304076691,4372
O3 valid=2025-02,inner1,FTM,h8,1.2495462303551137,4372
O3 valid=2025-02,inner1,FTM,h12,1.2459562044125168,4372
O3 valid=2025-02,inner1,FTM,h20,1.244991496287531,4372
O3 valid=2025-02,inner1,FTM,expanding,1.2717405718408357,4372
O3 valid=2025-02,inner1,FTA,h3,1.5314472709493867,4372
O3 valid=2025-02,inner1,FTA,h5,1.5138385110373895,4372
O3 valid=2025-02,inner1,FTA,h8,1.50534270453921,4372
O3 valid=2025-02,inner1,FTA,h12,1.5015015797173903,4372
O3 valid=2025-02,inner1,FTA,h20,1.5013653049702131,4372
O3 valid=2025-02,inner1,FTA,expanding,1.5416468015604545,4372
O3 valid=2025-02,inner2,PTS,h3,4.626159692240074,3541
O3 valid=2025-02,inner2,PTS,h5,4.5669785718614495,3541
O3 valid=2025-02,inner2,PTS,h8,4.538605936433523,3541
O3 valid=2025-02,inner2,PTS,h12,4.5301567963139515,3541
O3 valid=2025-02,inner2,PTS,h20,4.532842319425438,3541
O3 valid=2025-02,inner2,PTS,expanding,4.607960476462001,3541
O3 valid=2025-02,inner2,AST,h3,1.3414434402613393,3541
O3 valid=2025-02,inner2,AST,h5,1.3250450314304394,3541
O3 valid=2025-02,inner2,AST,h8,1.3170724233850128,3541
O3 valid=2025-02,inner2,AST,h12,1.3153208810144104,3541
O3 valid=2025-02,inner2,AST,h20,1.3168512816296938,3541
O3 valid=2025-02,inner2,AST,expanding,1.342581184105353,3541
O3 valid=2025-02,inner2,REB,h3,1.9074256023193528,3541
O3 valid=2025-02,inner2,REB,h5,1.8845078517759757,3541
O3 valid=2025-02,inner2,REB,h8,1.8725281069833852,3541
O3 valid=2025-02,inner2,REB,h12,1.8675711724004722,3541
O3 valid=2025-02,inner2,REB,h20,1.8654845438866086,3541
O3 valid=2025-02,inner2,REB,expanding,1.8724387561331393,3541
O3 valid=2025-02,inner2,STL,h3,0.7547079420920377,3541
O3 valid=2025-02,inner2,STL,h5,0.7420325632960117,3541
O3 valid=2025-02,inner2,STL,h8,0.7337443733785843,3541
O3 valid=2025-02,inner2,STL,h12,0.7290990223513351,3541
O3 valid=2025-02,inner2,STL,h20,0.7255340169534042,3541
O3 valid=2025-02,inner2,STL,expanding,0.721367988025535,3541
O3 valid=2025-02,inner2,BLK,h3,0.5332753494849444,3541
O3 valid=2025-02,inner2,BLK,h5,0.5289311184582222,3541
O3 valid=2025-02,inner2,BLK,h8,0.526955091235904,3541
O3 valid=2025-02,inner2,BLK,h12,0.5260006903632286,3541
O3 valid=2025-02,inner2,BLK,h20,0.5257069781968188,3541
O3 valid=2025-02,inner2,BLK,expanding,0.52629114105385,3541
O3 valid=2025-02,inner2,TOV,h3,0.9437200663549948,3541
O3 valid=2025-02,inner2,TOV,h5,0.9237623856112054,3541
O3 valid=2025-02,inner2,TOV,h8,0.9131745312785767,3541
O3 valid=2025-02,inner2,TOV,h12,0.9074871734279074,3541
O3 valid=2025-02,inner2,TOV,h20,0.9032515111976541,3541
O3 valid=2025-02,inner2,TOV,expanding,0.9060041421575021,3541
O3 valid=2025-02,inner2,FG3M,h3,0.8995164486308413,3541
O3 valid=2025-02,inner2,FG3M,h5,0.8863743990134441,3541
O3 valid=2025-02,inner2,FG3M,h8,0.8775926131881645,3541
O3 valid=2025-02,inner2,FG3M,h12,0.8728831360958716,3541
O3 valid=2025-02,inner2,FG3M,h20,0.8701786364193883,3541
O3 valid=2025-02,inner2,FG3M,expanding,0.8761638403652691,3541
O3 valid=2025-02,inner2,FGM,h3,1.7549114736931706,3541
O3 valid=2025-02,inner2,FGM,h5,1.7309414313381792,3541
O3 valid=2025-02,inner2,FGM,h8,1.7180613747976858,3541
O3 valid=2025-02,inner2,FGM,h12,1.7138379991057333,3541
O3 valid=2025-02,inner2,FGM,h20,1.7151689571083353,3541
O3 valid=2025-02,inner2,FGM,expanding,1.7402395803054016,3541
O3 valid=2025-02,inner2,FGA,h3,2.7264852046490042,3541
O3 valid=2025-02,inner2,FGA,h5,2.699322329026283,3541
O3 valid=2025-02,inner2,FGA,h8,2.6911186638205384,3541
O3 valid=2025-02,inner2,FGA,h12,2.693492643194014,3541
O3 valid=2025-02,inner2,FGA,h20,2.705031898293726,3541
O3 valid=2025-02,inner2,FGA,expanding,2.7899952366793266,3541
O3 valid=2025-02,inner2,FTM,h3,1.3072080671333164,3541
O3 valid=2025-02,inner2,FTM,h5,1.2932940091880387,3541
O3 valid=2025-02,inner2,FTM,h8,1.2874075169002972,3541
O3 valid=2025-02,inner2,FTM,h12,1.2854266459507613,3541
O3 valid=2025-02,inner2,FTM,h20,1.2878687863440386,3541
O3 valid=2025-02,inner2,FTM,expanding,1.3171010585146106,3541
O3 valid=2025-02,inner2,FTA,h3,1.587997088373528,3541
O3 valid=2025-02,inner2,FTA,h5,1.5712150471398794,3541
O3 valid=2025-02,inner2,FTA,h8,1.5646066685136528,3541
O3 valid=2025-02,inner2,FTA,h12,1.5623950461191451,3541
O3 valid=2025-02,inner2,FTA,h20,1.563790707460324,3541
O3 valid=2025-02,inner2,FTA,expanding,1.5960786280497081,3541
O4 valid=2025-12,inner1,PTS,h3,4.530238514103859,4460
O4 valid=2025-12,inner1,PTS,h5,4.481652700682246,4460
O4 valid=2025-12,inner1,PTS,h8,4.468562322917198,4460
O4 valid=2025-12,inner1,PTS,h12,4.4767058894995575,4460
O4 valid=2025-12,inner1,PTS,h20,4.495303174002441,4460
O4 valid=2025-12,inner1,PTS,expanding,4.622864401460812,4460
O4 valid=2025-12,inner1,AST,h3,1.3169226343088805,4460
O4 valid=2025-12,inner1,AST,h5,1.2995466620737637,4460
O4 valid=2025-12,inner1,AST,h8,1.2932357198223563,4460
O4 valid=2025-12,inner1,AST,h12,1.2930641291246185,4460
O4 valid=2025-12,inner1,AST,h20,1.2966302098576137,4460
O4 valid=2025-12,inner1,AST,expanding,1.3371107668287345,4460
O4 valid=2025-12,inner1,REB,h3,1.8898193119236892,4460
O4 valid=2025-12,inner1,REB,h5,1.8599935765857933,4460
O4 valid=2025-12,inner1,REB,h8,1.8469007457195408,4460
O4 valid=2025-12,inner1,REB,h12,1.842289170348132,4460
O4 valid=2025-12,inner1,REB,h20,1.842213748974185,4460
O4 valid=2025-12,inner1,REB,expanding,1.8600826172384775,4460
O4 valid=2025-12,inner1,STL,h3,0.7285213792875295,4460
O4 valid=2025-12,inner1,STL,h5,0.7186361194197289,4460
O4 valid=2025-12,inner1,STL,h8,0.7135063614685903,4460
O4 valid=2025-12,inner1,STL,h12,0.7114207118040049,4460
O4 valid=2025-12,inner1,STL,h20,0.7099692273391291,4460
O4 valid=2025-12,inner1,STL,expanding,0.7060309904010944,4460
O4 valid=2025-12,inner1,BLK,h3,0.4972973306007807,4460
O4 valid=2025-12,inner1,BLK,h5,0.49309377110846525,4460
O4 valid=2025-12,inner1,BLK,h8,0.4926653912157899,4460
O4 valid=2025-12,inner1,BLK,h12,0.49379209126731616,4460
O4 valid=2025-12,inner1,BLK,h20,0.49587210014926514,4460
O4 valid=2025-12,inner1,BLK,expanding,0.5025326048825902,4460
O4 valid=2025-12,inner1,TOV,h3,0.9146209738897739,4460
O4 valid=2025-12,inner1,TOV,h5,0.898919310220801,4460
O4 valid=2025-12,inner1,TOV,h8,0.8906344055164597,4460
O4 valid=2025-12,inner1,TOV,h12,0.8866085218967927,4460
O4 valid=2025-12,inner1,TOV,h20,0.8857875035822828,4460
O4 valid=2025-12,inner1,TOV,expanding,0.8909559144219278,4460
O4 valid=2025-12,inner1,FG3M,h3,0.8803806352241456,4460
O4 valid=2025-12,inner1,FG3M,h5,0.8701314047407641,4460
O4 valid=2025-12,inner1,FG3M,h8,0.8649062084438283,4460
O4 valid=2025-12,inner1,FG3M,h12,0.8630229943949305,4460
O4 valid=2025-12,inner1,FG3M,h20,0.8621181691097608,4460
O4 valid=2025-12,inner1,FG3M,expanding,0.8704139540809549,4460
O4 valid=2025-12,inner1,FGM,h3,1.7452514041898637,4460
O4 valid=2025-12,inner1,FGM,h5,1.7270194737123854,4460
O4 valid=2025-12,inner1,FGM,h8,1.720270721477059,4460
O4 valid=2025-12,inner1,FGM,h12,1.7175620330553036,4460
O4 valid=2025-12,inner1,FGM,h20,1.7171851253422683,4460
O4 valid=2025-12,inner1,FGM,expanding,1.745713552669342,4460
O4 valid=2025-12,inner1,FGA,h3,2.7078027042286905,4460
O4 valid=2025-12,inner1,FGA,h5,2.6868168143850295,4460
O4 valid=2025-12,inner1,FGA,h8,2.683155832722044,4460
O4 valid=2025-12,inner1,FGA,h12,2.689062147710717,4460
O4 valid=2025-12,inner1,FGA,h20,2.703194889139186,4460
O4 valid=2025-12,inner1,FGA,expanding,2.7874281180377447,4460
O4 valid=2025-12,inner1,FTM,h3,1.3598355419018673,4460
O4 valid=2025-12,inner1,FTM,h5,1.3499737213772465,4460
O4 valid=2025-12,inner1,FTM,h8,1.3514868327428438,4460
O4 valid=2025-12,inner1,FTM,h12,1.3566641752516648,4460
O4 valid=2025-12,inner1,FTM,h20,1.3643279659860852,4460
O4 valid=2025-12,inner1,FTM,expanding,1.4038762079833196,4460
O4 valid=2025-12,inner1,FTA,h3,1.6493751460163262,4460
O4 valid=2025-12,inner1,FTA,h5,1.6391042408819523,4460
O4 valid=2025-12,inner1,FTA,h8,1.6393593917988063,4460
O4 valid=2025-12,inner1,FTA,h12,1.644432151275458,4460
O4 valid=2025-12,inner1,FTA,h20,1.6533827515390902,4460
O4 valid=2025-12,inner1,FTA,expanding,1.7001188347153329,4460
O4 valid=2025-12,inner2,PTS,h3,4.639574869080492,2105
O4 valid=2025-12,inner2,PTS,h5,4.597902513540461,2105
O4 valid=2025-12,inner2,PTS,h8,4.575564622914511,2105
O4 valid=2025-12,inner2,PTS,h12,4.562660149225257,2105
O4 valid=2025-12,inner2,PTS,h20,4.554738803918791,2105
O4 valid=2025-12,inner2,PTS,expanding,4.573382732986829,2105
O4 valid=2025-12,inner2,AST,h3,1.3376571212011983,2105
O4 valid=2025-12,inner2,AST,h5,1.3265385126557818,2105
O4 valid=2025-12,inner2,AST,h8,1.3232581678197015,2105
O4 valid=2025-12,inner2,AST,h12,1.3262880781199182,2105
O4 valid=2025-12,inner2,AST,h20,1.3326319056696319,2105
O4 valid=2025-12,inner2,AST,expanding,1.3511065369469204,2105
O4 valid=2025-12,inner2,REB,h3,1.9323636811937293,2105
O4 valid=2025-12,inner2,REB,h5,1.910287064566773,2105
O4 valid=2025-12,inner2,REB,h8,1.8950669594435872,2105
O4 valid=2025-12,inner2,REB,h12,1.8853616876379302,2105
O4 valid=2025-12,inner2,REB,h20,1.8774842919872272,2105
O4 valid=2025-12,inner2,REB,expanding,1.8841010677431587,2105
O4 valid=2025-12,inner2,STL,h3,0.7038744272221581,2105
O4 valid=2025-12,inner2,STL,h5,0.6956903070028199,2105
O4 valid=2025-12,inner2,STL,h8,0.6912115882871667,2105
O4 valid=2025-12,inner2,STL,h12,0.6889992821359404,2105
O4 valid=2025-12,inner2,STL,h20,0.6871014478180586,2105
O4 valid=2025-12,inner2,STL,expanding,0.6850520259778059,2105
O4 valid=2025-12,inner2,BLK,h3,0.47808258688861505,2105
O4 valid=2025-12,inner2,BLK,h5,0.4757116458627543,2105
O4 valid=2025-12,inner2,BLK,h8,0.4760347193857284,2105
O4 valid=2025-12,inner2,BLK,h12,0.4773730867136845,2105
O4 valid=2025-12,inner2,BLK,h20,0.4802075199582618,2105
O4 valid=2025-12,inner2,BLK,expanding,0.49030115931893,2105
O4 valid=2025-12,inner2,TOV,h3,0.920460698735782,2105
O4 valid=2025-12,inner2,TOV,h5,0.9040012162281822,2105
O4 valid=2025-12,inner2,TOV,h8,0.8954849152963256,2105
O4 valid=2025-12,inner2,TOV,h12,0.8903929546563456,2105
O4 valid=2025-12,inner2,TOV,h20,0.8861867429742414,2105
O4 valid=2025-12,inner2,TOV,expanding,0.8856261602366039,2105
O4 valid=2025-12,inner2,FG3M,h3,0.8671186737442982,2105
O4 valid=2025-12,inner2,FG3M,h5,0.86128197858688,2105
O4 valid=2025-12,inner2,FG3M,h8,0.8598198187843735,2105
O4 valid=2025-12,inner2,FG3M,h12,0.8593415110885414,2105
O4 valid=2025-12,inner2,FG3M,h20,0.8577449261223713,2105
O4 valid=2025-12,inner2,FG3M,expanding,0.8538660069762097,2105
O4 valid=2025-12,inner2,FGM,h3,1.784180641333466,2105
O4 valid=2025-12,inner2,FGM,h5,1.7690418166034083,2105
O4 valid=2025-12,inner2,FGM,h8,1.7600366442344664,2105
O4 valid=2025-12,inner2,FGM,h12,1.7526456394426815,2105
O4 valid=2025-12,inner2,FGM,h20,1.743651206349794,2105
O4 valid=2025-12,inner2,FGM,expanding,1.7376064917255092,2105
O4 valid=2025-12,inner2,FGA,h3,2.87182463413055,2105
O4 valid=2025-12,inner2,FGA,h5,2.862687865791499,2105
O4 valid=2025-12,inner2,FGA,h8,2.852939309773038,2105
O4 valid=2025-12,inner2,FGA,h12,2.8430682890593277,2105
O4 valid=2025-12,inner2,FGA,h20,2.8295892600908275,2105
O4 valid=2025-12,inner2,FGA,expanding,2.83342061844586,2105
O4 valid=2025-12,inner2,FTM,h3,1.3810945310684581,2105
O4 valid=2025-12,inner2,FTM,h5,1.3671061440084358,2105
O4 valid=2025-12,inner2,FTM,h8,1.3606492549362426,2105
O4 valid=2025-12,inner2,FTM,h12,1.3568705668247176,2105
O4 valid=2025-12,inner2,FTM,h20,1.3551036258955977,2105
O4 valid=2025-12,inner2,FTM,expanding,1.37373521156092,2105
O4 valid=2025-12,inner2,FTA,h3,1.66890539451391,2105
O4 valid=2025-12,inner2,FTA,h5,1.6492336869676425,2105
O4 valid=2025-12,inner2,FTA,h8,1.639089222453249,2105
O4 valid=2025-12,inner2,FTA,h12,1.6332176730732961,2105
O4 valid=2025-12,inner2,FTA,h20,1.6322898131510897,2105
O4 valid=2025-12,inner2,FTA,expanding,1.6599178736922793,2105
O5 valid=2026-01,inner1,PTS,h3,4.607911316487182,3732
O5 valid=2026-01,inner1,PTS,h5,4.543013281827041,3732
O5 valid=2026-01,inner1,PTS,h8,4.5137660489105516,3732
O5 valid=2026-01,inner1,PTS,h12,4.507831227907705,3732
O5 valid=2026-01,inner1,PTS,h20,4.514091305790824,3732
O5 valid=2026-01,inner1,PTS,expanding,4.615181192609901,3732
O5 valid=2026-01,inner1,AST,h3,1.3252534217452578,3732
O5 valid=2026-01,inner1,AST,h5,1.3080188250788862,3732
O5 valid=2026-01,inner1,AST,h8,1.3010434214662958,3732
O5 valid=2026-01,inner1,AST,h12,1.3008717486591848,3732
O5 valid=2026-01,inner1,AST,h20,1.3065999114193216,3732
O5 valid=2026-01,inner1,AST,expanding,1.3511108866248476,3732
O5 valid=2026-01,inner1,REB,h3,1.9235472989525046,3732
O5 valid=2026-01,inner1,REB,h5,1.8969012809045909,3732
O5 valid=2026-01,inner1,REB,h8,1.8824161525921022,3732
O5 valid=2026-01,inner1,REB,h12,1.8758661611558245,3732
O5 valid=2026-01,inner1,REB,h20,1.8739930015594914,3732
O5 valid=2026-01,inner1,REB,expanding,1.882849563500195,3732
O5 valid=2026-01,inner1,STL,h3,0.7361795304050291,3732
O5 valid=2026-01,inner1,STL,h5,0.725681014294613,3732
O5 valid=2026-01,inner1,STL,h8,0.7214322273030888,3732
O5 valid=2026-01,inner1,STL,h12,0.718968024962719,3732
O5 valid=2026-01,inner1,STL,h20,0.716725250815628,3732
O5 valid=2026-01,inner1,STL,expanding,0.7119565895558144,3732
O5 valid=2026-01,inner1,BLK,h3,0.500362611898309,3732
O5 valid=2026-01,inner1,BLK,h5,0.49699911117308354,3732
O5 valid=2026-01,inner1,BLK,h8,0.4954112149985048,3732
O5 valid=2026-01,inner1,BLK,h12,0.49530141366511743,3732
O5 valid=2026-01,inner1,BLK,h20,0.49645359028368125,3732
O5 valid=2026-01,inner1,BLK,expanding,0.503328785947501,3732
O5 valid=2026-01,inner1,TOV,h3,0.898018726816165,3732
O5 valid=2026-01,inner1,TOV,h5,0.8851455559882652,3732
O5 valid=2026-01,inner1,TOV,h8,0.8786036486492174,3732
O5 valid=2026-01,inner1,TOV,h12,0.875642409131501,3732
O5 valid=2026-01,inner1,TOV,h20,0.8748768281859161,3732
O5 valid=2026-01,inner1,TOV,expanding,0.8884990012446063,3732
O5 valid=2026-01,inner1,FG3M,h3,0.9115583159368991,3732
O5 valid=2026-01,inner1,FG3M,h5,0.8984467620409977,3732
O5 valid=2026-01,inner1,FG3M,h8,0.8911135286694819,3732
O5 valid=2026-01,inner1,FG3M,h12,0.8869364230837141,3732
O5 valid=2026-01,inner1,FG3M,h20,0.8843698624094075,3732
O5 valid=2026-01,inner1,FG3M,expanding,0.8844829987450955,3732
O5 valid=2026-01,inner1,FGM,h3,1.7638221139278867,3732
O5 valid=2026-01,inner1,FGM,h5,1.7384186417589305,3732
O5 valid=2026-01,inner1,FGM,h8,1.7280361150469863,3732
O5 valid=2026-01,inner1,FGM,h12,1.7269106167685018,3732
O5 valid=2026-01,inner1,FGM,h20,1.7311257876691781,3732
O5 valid=2026-01,inner1,FGM,expanding,1.7652991576024568,3732
O5 valid=2026-01,inner1,FGA,h3,2.7008084668348378,3732
O5 valid=2026-01,inner1,FGA,h5,2.674257393466049,3732
O5 valid=2026-01,inner1,FGA,h8,2.666067105271788,3732
O5 valid=2026-01,inner1,FGA,h12,2.6712841603643143,3732
O5 valid=2026-01,inner1,FGA,h20,2.6871701360140197,3732
O5 valid=2026-01,inner1,FGA,expanding,2.7797247419587006,3732
O5 valid=2026-01,inner1,FTM,h3,1.3525949346275743,3732
O5 valid=2026-01,inner1,FTM,h5,1.3379259227729399,3732
O5 valid=2026-01,inner1,FTM,h8,1.3302882781977317,3732
O5 valid=2026-01,inner1,FTM,h12,1.3259995854138382,3732
O5 valid=2026-01,inner1,FTM,h20,1.3226161435663166,3732
O5 valid=2026-01,inner1,FTM,expanding,1.3368024567449979,3732
O5 valid=2026-01,inner1,FTA,h3,1.651567598920834,3732
O5 valid=2026-01,inner1,FTA,h5,1.6285863104074996,3732
O5 valid=2026-01,inner1,FTA,h8,1.6178397334894934,3732
O5 valid=2026-01,inner1,FTA,h12,1.6118921053280422,3732
O5 valid=2026-01,inner1,FTA,h20,1.6069710990339794,3732
O5 valid=2026-01,inner1,FTA,expanding,1.629585404958645,3732
O5 valid=2026-01,inner2,PTS,h3,4.576041863975313,4392
O5 valid=2026-01,inner2,PTS,h5,4.531216753463604,4392
O5 valid=2026-01,inner2,PTS,h8,4.522284153130925,4392
O5 valid=2026-01,inner2,PTS,h12,4.531921811658814,4392
O5 valid=2026-01,inner2,PTS,h20,4.5534044148981625,4392
O5 valid=2026-01,inner2,PTS,expanding,4.680904317790935,4392
O5 valid=2026-01,inner2,AST,h3,1.3288875495204666,4392
O5 valid=2026-01,inner2,AST,h5,1.3122804744961343,4392
O5 valid=2026-01,inner2,AST,h8,1.3068682713697706,4392
O5 valid=2026-01,inner2,AST,h12,1.3071072389644445,4392
O5 valid=2026-01,inner2,AST,h20,1.3115254993877363,4392
O5 valid=2026-01,inner2,AST,expanding,1.356223260080602,4392
O5 valid=2026-01,inner2,REB,h3,1.8842239938657703,4392
O5 valid=2026-01,inner2,REB,h5,1.8542196518652199,4392
O5 valid=2026-01,inner2,REB,h8,1.8401170033918828,4392
O5 valid=2026-01,inner2,REB,h12,1.8344104970697908,4392
O5 valid=2026-01,inner2,REB,h20,1.8341287013188867,4392
O5 valid=2026-01,inner2,REB,expanding,1.8541356335610435,4392
O5 valid=2026-01,inner2,STL,h3,0.7236044642674573,4392
O5 valid=2026-01,inner2,STL,h5,0.714950803553373,4392
O5 valid=2026-01,inner2,STL,h8,0.7105850081194522,4392
O5 valid=2026-01,inner2,STL,h12,0.709028512981345,4392
O5 valid=2026-01,inner2,STL,h20,0.7079747985827134,4392
O5 valid=2026-01,inner2,STL,expanding,0.7038630136622197,4392
O5 valid=2026-01,inner2,BLK,h3,0.504278981034844,4392
O5 valid=2026-01,inner2,BLK,h5,0.49982945548180824,4392
O5 valid=2026-01,inner2,BLK,h8,0.4990483809649436,4392
O5 valid=2026-01,inner2,BLK,h12,0.49976505110685643,4392
O5 valid=2026-01,inner2,BLK,h20,0.5016244339654926,4392
O5 valid=2026-01,inner2,BLK,expanding,0.5082179457798413,4392
O5 valid=2026-01,inner2,TOV,h3,0.9142368869885018,4392
O5 valid=2026-01,inner2,TOV,h5,0.8990706555241643,4392
O5 valid=2026-01,inner2,TOV,h8,0.8914805886083964,4392
O5 valid=2026-01,inner2,TOV,h12,0.8880017060578826,4392
O5 valid=2026-01,inner2,TOV,h20,0.8878047628916387,4392
O5 valid=2026-01,inner2,TOV,expanding,0.893691190917838,4392
O5 valid=2026-01,inner2,FG3M,h3,0.8821282745316784,4392
O5 valid=2026-01,inner2,FG3M,h5,0.8711062116854604,4392
O5 valid=2026-01,inner2,FG3M,h8,0.866312689130081,4392
O5 valid=2026-01,inner2,FG3M,h12,0.8653842167676288,4392
O5 valid=2026-01,inner2,FG3M,h20,0.8654438733705152,4392
O5 valid=2026-01,inner2,FG3M,expanding,0.8747215430506419,4392
O5 valid=2026-01,inner2,FGM,h3,1.768029358878292,4392
O5 valid=2026-01,inner2,FGM,h5,1.7493630683409018,4392
O5 valid=2026-01,inner2,FGM,h8,1.7430826427158614,4392
O5 valid=2026-01,inner2,FGM,h12,1.741026793022152,4392
O5 valid=2026-01,inner2,FGM,h20,1.7409191935098733,4392
O5 valid=2026-01,inner2,FGM,expanding,1.768025270050952,4392
O5 valid=2026-01,inner2,FGA,h3,2.731673349367837,4392
O5 valid=2026-01,inner2,FGA,h5,2.7106152679368334,4392
O5 valid=2026-01,inner2,FGA,h8,2.7057976685071123,4392
O5 valid=2026-01,inner2,FGA,h12,2.7123364760971143,4392
O5 valid=2026-01,inner2,FGA,h20,2.727264188348485,4392
O5 valid=2026-01,inner2,FGA,expanding,2.8226701246044303,4392
O5 valid=2026-01,inner2,FTM,h3,1.3687008487814214,4392
O5 valid=2026-01,inner2,FTM,h5,1.3568725867464533,4392
O5 valid=2026-01,inner2,FTM,h8,1.3563895696632386,4392
O5 valid=2026-01,inner2,FTM,h12,1.360051331500478,4392
O5 valid=2026-01,inner2,FTM,h20,1.3659117007337374,4392
O5 valid=2026-01,inner2,FTM,expanding,1.4035032285394304,4392
O5 valid=2026-01,inner2,FTA,h3,1.6581597456499113,4392
O5 valid=2026-01,inner2,FTA,h5,1.6464597281080187,4392
O5 valid=2026-01,inner2,FTA,h8,1.6455582675146918,4392
O5 valid=2026-01,inner2,FTA,h12,1.6490721608145982,4392
O5 valid=2026-01,inner2,FTA,h20,1.6559374612767495,4392
O5 valid=2026-01,inner2,FTA,expanding,1.7010513649963812,4392
